price,portfolio,action,balance,shares
60.06666564941406,100000.0,0,100000.0,0
55.58599853515625,100000.0,0,100000.0,0
53.32733154296875,100000.0,0,100000.0,0
51.91999816894531,100000.0,0,100000.0,0
45.26666641235352,100000.0,0,100000.0,0
44.53266525268555,100000.0,0,100000.0,0
49.574668884277344,100000.0,0,100000.0,0
49.70066833496094,100000.0,0,100000.0,0
49.96666717529297,100000.0,0,100000.0,0
48.30266571044922,100000.0,0,100000.0,0
46.89866638183594,100000.0,0,100000.0,0
40.53333282470703,100000.0,0,100000.0,0
43.02199935913086,100000.0,0,100000.0,0
42.28200149536133,100000.0,0,100000.0,0
37.369998931884766,100000.0,0,100000.0,0
36.44133377075195,100000.0,0,100000.0,0
29.67133331298828,100000.0,0,100000.0,0
28.68000030517578,100000.0,0,100000.0,0
24.08133316040039,100000.0,0,100000.0,0
28.50933265686035,100000.0,0,100000.0,0
28.50200080871582,100000.0,0,100000.0,0
28.952667236328125,100000.0,0,100000.0,0
33.66666793823242,100000.0,0,100000.0,0
35.95000076293945,100000.0,0,100000.0,0
35.21066665649414,100000.0,0,100000.0,0
34.29066848754883,100000.0,0,100000.0,0
33.47533416748047,100000.0,0,100000.0,0
34.93333435058594,100000.0,0,100000.0,0
32.104000091552734,100000.0,0,100000.0,0
30.29800033569336,100000.0,0,100000.0,0
32.000667572021484,100000.0,0,100000.0,0
34.41600036621094,100000.0,0,100000.0,0
36.36333465576172,100000.0,0,100000.0,0
36.589332580566406,100000.0,0,100000.0,0
38.20000076293945,100000.0,0,100000.0,0
43.39666748046875,100000.0,0,100000.0,0
47.32600021362305,100000.0,0,100000.0,0
48.65533447265625,100000.0,0,100000.0,0
49.68066787719727,100000.0,0,100000.0,0
50.25933456420898,100000.0,0,100000.0,0
49.75733184814453,100000.0,0,100000.0,0
45.78133392333984,100000.0,0,100000.0,0
48.80733489990234,100003.02600097656,1,99954.21866607666,1
47.04199981689453,100001.26066589355,0,99954.21866607666,1
48.34333419799805,100003.86333465576,1,99907.17666625977,2
53.25,100018.58333206177,1,99858.83333206177,3
51.27466583251953,100012.65732955933,0,99858.83333206177,3
53.367332458496094,100021.02799606323,1,99807.55866622925,4
52.12533187866211,100016.0599937439,0,99807.55866622925,4
46.75466537475586,99989.20666122437,1,99755.43333435059,5
50.74599838256836,100013.15465927124,1,99708.67866897583,6
51.2140007019043,100016.43067550659,1,99657.93267059326,7
52.172000885009766,100024.09467697144,1,99606.71866989136,8
52.00266647338867,100022.57066726685,1,99554.54666900635,9
54.62799835205078,100048.82398605347,1,99502.54400253296,10
54.08599853515625,100043.40398788452,0,99502.54400253296,10
53.96066665649414,100042.02533721924,1,99448.4580039978,11
52.73066711425781,100027.2653427124,1,99394.49733734131,12
53.55533218383789,100037.16132354736,0,99394.49733734131,12
53.27799987792969,100033.83333587646,0,99394.49733734131,12
54.242000579833984,100045.40134429932,0,99394.49733734131,12
53.867332458496094,100040.90532684326,0,99394.49733734131,12
54.37066650390625,100046.94533538818,0,99394.49733734131,12
55.17333221435547,100056.57732391357,0,99394.49733734131,12
54.45866775512695,100048.00135040283,0,99394.49733734131,12
54.5913314819336,100049.59331512451,0,99394.49733734131,12
54.68199920654297,100050.68132781982,0,99394.49733734131,12
53.72066879272461,100039.145362854,0,99394.49733734131,12
55.66666793823242,100062.4973526001,0,99394.49733734131,12
59.87333297729492,100112.97733306885,0,99394.49733734131,12
58.77066802978516,100099.74535369873,0,99394.49733734131,12
58.86399841308594,100100.86531829834,0,99394.49733734131,12
57.62533187866211,100086.00131988525,0,99394.49733734131,12
59.04399871826172,100104.44398880005,1,99336.87200546265,13
63.32799911499024,100160.13599395752,0,99336.87200546265,13
62.711334228515625,100152.11935043335,0,99336.87200546265,13
68.336669921875,100225.24871444702,0,99336.87200546265,13
64.85600280761719,100180.00004196167,0,99336.87200546265,13
62.35200119018555,100147.44802093506,0,99336.87200546265,13
66.05999755859375,100199.35997009277,1,99274.52000427246,14
65.47533416748047,100191.17468261719,0,99274.52000427246,14
66.11933135986328,100200.83464050293,1,99209.04467010498,15
66.9306640625,100213.00463104248,0,99209.04467010498,15
66.72666931152344,100209.94470977783,0,99209.04467010498,15
66.28800201416016,100203.36470031738,0,99209.04467010498,15
66.78533172607422,100210.8246459961,0,99209.04467010498,15
64.0566635131836,100169.89462280273,0,99209.04467010498,15
65.73200225830078,100195.02470397949,0,99209.04467010498,15
63.982666015625,100168.78466033936,0,99209.04467010498,15
67.29000091552734,100218.39468383789,0,99209.04467010498,15
71.98733520507812,100288.85469818115,0,99209.04467010498,15
74.64199829101562,100328.67464447021,0,99209.04467010498,15
80.57733154296875,100417.70464324951,0,99209.04467010498,15
91.43866729736328,100580.62467956543,0,99209.04467010498,15
92.65733337402344,100598.90467071533,0,99209.04467010498,15
91.05867004394533,100574.92472076416,0,99209.04467010498,15
92.9520034790039,100603.32472229004,0,99209.04467010498,15
102.97666931152344,100753.69470977783,0,99209.04467010498,15
99.8040008544922,100706.10468292236,0,99209.04467010498,15
101.12000274658205,100725.84471130371,0,99209.04467010498,15
103.06732940673828,100755.05461120605,0,99209.04467010498,15
100.04266357421876,100709.68462371826,0,99209.04467010498,15
100.05599975585938,100709.88466644287,0,99209.04467010498,15
109.53333282470705,100852.04466247559,0,99209.04467010498,15
104.55733489990234,100777.40469360352,0,99209.04467010498,15
106.15533447265624,100801.37468719482,0,99209.04467010498,15
100.87133026123048,100722.11462402344,0,99209.04467010498,15
94.46666717529295,100626.04467773438,0,99209.04467010498,15
102.63999938964844,100748.6446609497,0,99209.04467010498,15
98.43267059326172,100685.5347290039,0,99209.04467010498,15
99.94066619873048,100708.15466308594,0,99209.04467010498,15
99.16600036621094,100696.53467559814,0,99209.04467010498,15
95.38400268554688,100639.80471038818,0,99209.04467010498,15
99.0,100694.04467010498,0,99209.04467010498,15
99.13333129882812,100696.0446395874,0,99209.04467010498,15
99.00133514404295,100694.06469726562,0,99209.04467010498,15
99.30533599853516,100698.62471008301,0,99209.04467010498,15
96.84733581542967,100661.75470733643,0,99209.04467010498,15
94.5713348388672,100627.61469268799,0,99209.04467010498,15
91.6259994506836,100583.43466186523,0,99209.04467010498,15
103.65066528320312,100763.80464935303,0,99209.04467010498,15
108.06666564941406,100830.04465484619,0,99209.04467010498,15
110.04733276367188,100859.75466156006,0,99209.04467010498,15
122.3759994506836,101044.68466186523,0,99209.04467010498,15
125.80599975585938,101096.13466644287,0,99209.04467010498,15
125.23533630371094,101087.57471466064,0,99209.04467010498,15
133.45533752441406,101210.87473297119,0,99209.04467010498,15
136.6653289794922,101259.02460479736,0,99209.04467010498,15
134.27999877929688,101223.24465179443,0,99209.04467010498,15
134.8893280029297,101232.38459014893,0,99209.04467010498,15
143.54466247558594,101362.21460723877,0,99209.04467010498,15
149.25,101447.79467010498,0,99209.04467010498,15
147.55999755859375,101422.44463348389,0,99209.04467010498,15
166.10667419433594,101700.64478302002,0,99209.04467010498,15
158.35000610351562,101584.29476165771,0,99209.04467010498,15
149.1233367919922,101445.89472198486,0,99209.04467010498,15
135.6666717529297,101244.04474639893,0,99209.04467010498,15
139.44000244140625,101304.41803741455,1,99073.37799835205,16
110.06999969482422,100834.49799346924,0,99073.37799835205,16
122.09333038330078,101026.87128448486,0,99073.37799835205,16
123.77999877929688,101053.8579788208,0,99073.37799835205,16
124.23999786376952,101061.21796417236,0,99073.37799835205,16
139.8733367919922,101311.35138702393,0,99073.37799835205,16
149.9199981689453,101472.09796905518,0,99073.37799835205,16
147.25332641601562,101429.4312210083,0,99073.37799835205,16
141.14332580566406,101331.67121124268,0,99073.37799835205,16
147.38333129882812,101431.5112991333,0,99073.37799835205,16
149.79666137695312,101470.1245803833,0,99073.37799835205,16
141.41000366210938,101335.9380569458,0,99073.37799835205,16
126.7866668701172,101101.96466827393,0,99073.37799835205,16
129.26333618164062,101141.5913772583,0,99073.37799835205,16
135.77999877929688,101245.8579788208,0,99073.37799835205,16
140.39999389648438,101319.7779006958,0,99073.37799835205,16
139.69000244140625,101308.41803741455,0,99073.37799835205,16
143.00332641601562,101361.4312210083,0,99073.37799835205,16
149.3866729736328,101463.56476593018,0,99073.37799835205,16
138.3633270263672,101287.19123077393,0,99073.37799835205,16
141.89332580566406,101343.67121124268,0,99073.37799835205,16
137.9933319091797,101281.27130889893,0,99073.37799835205,16
141.76666259765625,101341.64459991455,0,99073.37799835205,16
141.97332763671875,101344.95124053955,0,99073.37799835205,16
144.6666717529297,101388.04474639893,0,99073.37799835205,16
147.43333435058594,101432.31134796143,0,99073.37799835205,16
148.88333129882812,101455.5112991333,0,99073.37799835205,16
153.76666259765625,101538.52793121338,1,98924.49466705322,17
149.6266632080078,101464.0079421997,1,98770.72800445557,18
146.55667114257812,101405.67809295654,1,98621.10134124756,19
143.61000061035156,101346.74468231201,1,98474.54467010498,20
140.64666748046875,101287.47801971436,0,98474.54467010498,20
140.8800048828125,101292.14476776123,0,98474.54467010498,20
141.92999267578125,101313.1445236206,0,98474.54467010498,20
140.2100067138672,101278.74480438232,0,98474.54467010498,20
140.0933380126953,101276.41143035889,0,98474.54467010498,20
141.55999755859375,101305.74462127686,0,98474.54467010498,20
135.33999633789062,101181.3445968628,0,98474.54467010498,20
136.94332885742188,101213.41124725342,0,98474.54467010498,20
129.34666442871094,101061.4779586792,0,98474.54467010498,20
133.50332641601562,101144.6111984253,0,98474.54467010498,20
141.3000030517578,101300.54473114014,0,98474.54467010498,20
140.32666015625,101281.07787322998,0,98474.54467010498,20
146.02999877929688,101395.14464569092,0,98474.54467010498,20
143.31666564941406,101340.87798309326,0,98474.54467010498,20
140.4199981689453,101282.94463348389,0,98474.54467010498,20
136.7866668701172,101210.27800750732,0,98474.54467010498,20
139.0433349609375,101255.41136932373,0,98474.54467010498,20
137.25332641601562,101219.6111984253,0,98474.54467010498,20
136.1666717529297,101197.87810516357,0,98474.54467010498,20
136.02999877929688,101195.14464569092,0,98474.54467010498,20
147.20333862304688,101418.61144256592,0,98474.54467010498,20
162.2133331298828,101718.81133270264,0,98474.54467010498,20
166.42333984375,101803.01146697998,0,98474.54467010498,20
163.20333862304688,101738.61144256592,0,98474.54467010498,20
173.9499969482422,101953.54460906982,0,98474.54467010498,20
185.1266632080078,102177.07793426514,0,98474.54467010498,20
191.3333282470703,102301.21123504639,0,98474.54467010498,20
195.2533264160156,102379.6111984253,0,98474.54467010498,20
189.1999969482422,102258.54460906982,0,98474.54467010498,20
194.9199981689453,102372.94463348389,0,98474.54467010498,20
189.60667419433597,102266.6781539917,0,98474.54467010498,20
197.7933349609375,102430.41136932373,0,98474.54467010498,20
199.67999267578125,102468.1445236206,0,98474.54467010498,20
213.9199981689453,102752.94463348389,0,98474.54467010498,20
216.6266632080078,102807.07793426514,0,98474.54467010498,20
201.4933319091797,102504.41130828857,0,98474.54467010498,20
209.02333068847656,102655.01128387451,0,98474.54467010498,20
203.3300018310547,102541.14470672607,0,98474.54467010498,20
213.27667236328125,102750.02478790283,1,98271.21466827393,21
211.0833282470703,102703.9645614624,0,98271.21466827393,21
207.58999633789065,102630.60459136963,0,98271.21466827393,21
218.63333129882807,102862.51462554932,0,98271.21466827393,21
231.6666717529297,103136.21477508545,0,98271.21466827393,21
216.6199951171875,102820.23456573486,0,98271.21466827393,21
213.44667053222656,102750.42142486572,1,98054.59467315674,22
215.32666015625,102791.78119659424,0,98054.59467315674,22
220.58999633789065,102907.57459259033,0,98054.59467315674,22
221.22999572753903,102921.6545791626,0,98054.59467315674,22
221.9966735839844,102938.5214920044,0,98054.59467315674,22
231.5933380126953,103149.64810943604,0,98054.59467315674,22
235.22332763671875,103229.50788116455,0,98054.59467315674,22
243.2566680908203,103406.24137115479,0,98054.59467315674,22
245.0366668701172,103445.40134429932,0,98054.59467315674,22
251.9933319091797,103598.44797515869,0,98054.59467315674,22
272.0133361816406,104038.88806915283,0,98054.59467315674,22
293.3399963378906,104508.07459259033,0,98054.59467315674,22
270.39666748046875,104003.32135772705,0,98054.59467315674,22
283.14666748046875,104283.82135772705,0,98054.59467315674,22
284.8033447265625,104320.26825714111,0,98054.59467315674,22
281.6666564941406,104251.26111602783,0,98054.59467315674,22
275.3866577148437,104113.1011428833,0,98054.59467315674,22
281.51666259765625,104247.96125030518,0,98054.59467315674,22
283.4833374023437,104291.2280960083,0,98054.59467315674,22
281.663330078125,104251.18793487549,0,98054.59467315674,22
282.2133178710937,104263.2876663208,0,98054.59467315674,22
293.6000061035156,104513.79480743408,0,98054.59467315674,22
294.36334228515625,104530.58820343018,0,98054.59467315674,22
288.0533447265625,104391.76825714111,0,98054.59467315674,22
278.4766540527344,104181.0810623169,0,98054.59467315674,22
264.510009765625,103873.81488800049,0,98054.59467315674,22
279.9366760253906,104213.20154571533,0,98054.59467315674,22
290.92999267578125,104455.05451202393,0,98054.59467315674,22
284.89666748046875,104322.32135772705,0,98054.59467315674,22
283.3299865722656,104287.85437774658,0,98054.59467315674,22
284.07666015625,104304.28119659424,0,98054.59467315674,22
287.8066711425781,104386.34143829346,0,98054.59467315674,22
283.1533203125,104283.96772003174,0,98054.59467315674,22
268.2733459472656,103956.60828399658,0,98054.59467315674,22
270.5533447265625,104006.76825714111,0,98054.59467315674,22
272.0400085449219,104039.47486114502,0,98054.59467315674,22
265.4066772460937,103893.5415725708,0,98054.59467315674,22
266.04998779296875,103907.69440460205,0,98054.59467315674,22
262.4599914550781,103828.71448516846,0,98054.59467315674,22
260.4333190917969,103784.12769317627,0,98054.59467315674,22
238.1666717529297,103294.26145172119,0,98054.59467315674,22
232.94667053222656,103179.42142486572,0,98054.59467315674,22
247.33999633789065,103496.07459259033,0,98054.59467315674,22
227.4066619873047,103057.54123687744,0,98054.59467315674,22
225.1666717529297,103008.26145172119,0,98054.59467315674,22
239.47666931152344,103323.08139801025,0,98054.59467315674,22
228.81333923339844,103088.4881362915,0,98054.59467315674,22
217.73333740234372,102844.7280960083,0,98054.59467315674,22
207.14666748046875,102611.82135772705,0,98054.59467315674,22
199.3166656494141,102439.56131744385,0,98054.59467315674,22
187.6666717529297,102183.26145172119,0,98054.59467315674,22
224.52667236328125,102994.18146514893,0,98054.59467315674,22
222.6866607666016,102955.54122161865,2,98279.12134552002,21
233.1999969482422,103165.80794525146,2,98501.80800628662,20
231.2433319091797,103126.67464447021,0,98501.80800628662,20
235.97999572753903,103221.4079208374,0,98501.80800628662,20
225.6266632080078,103014.34127044678,0,98501.80800628662,20
233.9366607666016,103180.54122161865,0,98501.80800628662,20
217.72000122070312,102856.20803070068,0,98501.80800628662,20
218.2899932861328,102867.60787200928,0,98501.80800628662,20
223.3333282470703,102968.47457122803,0,98501.80800628662,20
220.72000122070312,102916.20803070068,0,98501.80800628662,20
210.08999633789065,102703.60793304443,0,98501.80800628662,20
213.4633331298828,102771.07466888428,0,98501.80800628662,20
206.23666381835935,102626.54128265381,0,98501.80800628662,20
203.76333618164065,102579.54805755615,2,98708.04467010498,19
211.8733367919922,102725.52806854248,2,98911.80800628662,18
222.6433258056641,102919.38787078857,0,98911.80800628662,18
220.5833282470703,102882.30791473389,0,98911.80800628662,18
230.3500061035156,103058.1081161499,0,98911.80800628662,18
230.5399932861328,103061.52788543701,0,98911.80800628662,18
223.6566619873047,102937.6279220581,0,98911.80800628662,18
227.93333435058597,103014.60802459717,0,98911.80800628662,18
225.67333984375,102973.92812347412,0,98911.80800628662,18
233.9933319091797,103123.68798065186,0,98911.80800628662,18
254.10667419433597,103485.72814178467,0,98911.80800628662,18
244.07666015625,103305.18788909912,0,98911.80800628662,18
246.2833404541016,103344.90813446045,0,98911.80800628662,18
246.5933380126953,103350.48809051514,0,98911.80800628662,18
238.2100067138672,103199.58812713623,0,98911.80800628662,18
239.663330078125,103225.74794769287,0,98911.80800628662,18
248.0399932861328,103376.52788543701,0,98911.80800628662,18
239.89666748046875,103221.8046951294,1,98663.76801300049,19
243.13333129882807,103286.53797149658,1,98423.87134552002,20
246.0666656494141,103348.13799285889,1,98180.73801422119,21
234.913330078125,103102.76461029053,1,97934.67134857178,22
231.46665954589844,103026.93785858154,0,97934.67134857178,22
225.6666717529297,102899.33812713623,0,97934.67134857178,22
236.47999572753903,103137.23125457764,0,97934.67134857178,22
228.3000030517578,102957.27141571045,0,97934.67134857178,22
224.5333404541016,102874.40483856201,0,97934.67134857178,22
223.64666748046875,102854.89803314209,0,97934.67134857178,22
221.17999267578125,102800.63118743896,0,97934.67134857178,22
224.1233367919922,102865.3847579956,0,97934.67134857178,22
209.67999267578125,102547.63118743896,0,97934.67134857178,22
205.73333740234372,102460.80477142334,0,97934.67134857178,22
196.6300048828125,102260.53145599365,0,97934.67134857178,22
190.56333923339844,102127.06481170654,0,97934.67134857178,22
196.5800018310547,102259.43138885498,0,97934.67134857178,22
192.27667236328125,102164.75814056396,0,97934.67134857178,22
192.6233367919922,102172.3847579956,0,97934.67134857178,22
187.82000732421875,102066.71150970459,0,97934.67134857178,22
195.5933380126953,102237.72478485107,0,97934.67134857178,22
193.6266632080078,102196.42461395264,2,98130.26468658447,21
202.14666748046875,102366.82469940186,2,98323.89134979248,20
201.56333923339844,102355.74146270752,2,98526.03801727295,19
206.3766632080078,102447.1946182251,0,98526.03801727295,19
210.2833404541016,102521.42148590088,0,98526.03801727295,19
208.4066619873047,102485.76459503174,0,98526.03801727295,19
207.96665954589844,102477.40454864502,0,98526.03801727295,19
201.7066650390625,102358.46465301514,0,98526.03801727295,19
190.94667053222656,102154.02475738525,0,98526.03801727295,19
199.68333435058597,102320.02136993408,0,98526.03801727295,19
201.7100067138672,102358.52814483643,0,98526.03801727295,19
201.19667053222656,102348.77475738525,0,98526.03801727295,19
199.5933380126953,102318.31143951416,0,98526.03801727295,19
203.3733367919922,102390.1314163208,0,98526.03801727295,19
203.29666137695312,102388.67458343506,0,98526.03801727295,19
205.89666748046875,102438.07469940186,0,98526.03801727295,19
199.7866668701172,102321.98468780518,0,98526.03801727295,19
201.6233367919922,102356.8814163208,0,98526.03801727295,19
205.5333404541016,102431.17148590088,0,98526.03801727295,19
207.7700042724609,102473.6680984497,0,98526.03801727295,19
206.94332885742188,102457.96126556396,0,98526.03801727295,19
207.90333557128903,102476.20139312744,0,98526.03801727295,19
218.85667419433597,102684.31482696533,0,98526.03801727295,19
226.60667419433597,102831.56482696533,0,98526.03801727295,19
223.9566650390625,102781.21465301514,0,98526.03801727295,19
229.5733337402344,102887.9313583374,0,98526.03801727295,19
226.9199981689453,102837.51798248291,0,98526.03801727295,19
226.5666656494141,102830.80466461182,0,98526.03801727295,19
225.97332763671875,102819.5312423706,0,98526.03801727295,19
226.3000030517578,102826.06475067139,1,98300.06468963623,20
219.8600006103516,102690.82469940186,1,98073.76468658447,21
214.88333129882807,102581.33797454834,1,97853.90468597412,22
217.60333251953125,102641.17800140381,0,97853.90468597412,22
218.98333740234372,102671.53810882568,0,97853.90468597412,22
228.5666656494141,102882.37133026123,0,97853.90468597412,22
222.8466644287109,102750.81130218506,1,97625.3380203247,23
217.7933349609375,102634.58472442627,0,97625.3380203247,23
216.86666870117188,102613.27140045166,0,97625.3380203247,23
214.7400054931641,102564.35814666748,0,97625.3380203247,23
215.4066619873047,102579.69124603271,0,97625.3380203247,23
220.1666717529297,102689.17147064209,0,97625.3380203247,23
218.42999267578125,102649.22785186768,0,97625.3380203247,23
216.4199981689453,102602.99797821045,0,97625.3380203247,23
214.4600067138672,102557.91817474365,0,97625.3380203247,23
219.2066650390625,102667.09131622314,0,97625.3380203247,23
214.9266662597656,102568.65134429932,0,97625.3380203247,23
215.66000366210935,102585.51810455322,0,97625.3380203247,23
225.7833404541016,102818.35485076904,0,97625.3380203247,23
229.0666656494141,102893.87133026123,0,97625.3380203247,23
236.55667114257807,103066.141456604,0,97625.3380203247,23
236.5800018310547,103066.67806243896,0,97625.3380203247,23
236.97332763671875,103075.72455596924,0,97625.3380203247,23
238.2100067138672,103104.16817474365,0,97625.3380203247,23
233.0333404541016,102985.10485076904,0,97625.3380203247,23
237.9199981689453,103102.3846359253,1,97392.3046798706,24
236.663330078125,103070.96793365479,1,97154.38468170166,25
235.94000244140625,103052.1614151001,1,96917.72135162354,26
240.75,103182.03134918213,1,96681.78134918213,27
239.05667114257807,103136.31147003174,0,96681.78134918213,27
228.72332763671875,102846.97785186768,1,96442.72467803955,28
221.90333557128903,102656.01807403564,0,96442.72467803955,28
229.663330078125,102873.29792022705,0,96442.72467803955,28
224.4900054931641,102728.44483184814,0,96442.72467803955,28
226.7533264160156,102791.81781768799,0,96442.72467803955,28
235.43333435058597,103034.85803985596,0,96442.72467803955,28
236.163330078125,103055.29792022705,0,96442.72467803955,28
237.0666656494141,103080.59131622314,0,96442.72467803955,28
233.72000122070312,102986.88471221924,0,96442.72467803955,28
237.30667114257807,103087.31147003174,0,96442.72467803955,28
243.6366729736328,103264.55152130127,0,96442.72467803955,28
245.2400054931641,103309.44483184814,0,96442.72467803955,28
244.69667053222656,103293.68811798096,1,96197.48467254639,29
244.1300048828125,103276.68814849854,1,95952.78800201416,30
244.52333068847656,103288.88124847412,1,95708.65799713135,31
250.97332763671875,103495.28115081787,1,95464.13466644287,32
251.2899932861328,103505.41445159912,0,95464.13466644287,32
251.6199951171875,103515.97451019287,0,95464.13466644287,32
245.42333984375,103317.68154144287,0,95464.13466644287,32
247.6666717529297,103391.7114944458,1,95218.71132659912,33
248.163330078125,103408.59787750244,1,94971.04465484619,34
251.94332885742188,103537.11783599854,0,94971.04465484619,34
252.3300018310547,103550.26471710205,0,94971.04465484619,34
253.163330078125,103578.59787750244,0,94971.04465484619,34
243.38999938964844,103246.30463409424,0,94971.04465484619,34
246.4600067138672,103350.68488311768,0,94971.04465484619,34
250.64666748046875,103493.03134918213,0,94971.04465484619,34
251.2133331298828,103512.2979812622,0,94971.04465484619,34
258.1300048828125,103747.46482086182,0,94971.04465484619,34
263.78668212890625,103939.791847229,0,94971.04465484619,34
259.1866760253906,103783.39163970947,0,94971.04465484619,34
260.4366760253906,103827.14163970947,1,94711.8579788208,35
258.49334716796875,103757.18180084229,1,94451.42130279541,36
258.4066772460937,103753.97501373291,1,94192.92795562744,37
260.510009765625,103831.79831695557,0,94192.92795562744,37
260.1966552734375,103820.20420074463,0,94192.92795562744,37
260.9166564941406,103846.84424591064,0,94192.92795562744,37
264.53668212890625,103980.78519439697,0,94192.92795562744,37
261.8299865722656,103880.63745880127,0,94192.92795562744,37
263.9800109863281,103960.18836212158,0,94192.92795562744,37
268.5733337402344,104130.14130401611,0,94192.92795562744,37
270.3599853515625,104196.24741363525,0,94192.92795562744,37
272.7733459472656,104285.54175567627,0,94192.92795562744,37
281.010009765625,104590.29831695557,0,94192.92795562744,37
290.03668212890625,104924.28519439697,0,94192.92795562744,37
288.0899963378906,104852.2578201294,0,94192.92795562744,37
288.6000061035156,104871.12818145752,0,94192.92795562744,37
298.0,105218.92795562744,0,94192.92795562744,37
303.2266540527344,105412.31415557861,0,94192.92795562744,37
341.6199951171875,106832.86777496338,0,94192.92795562744,37
339.4766540527344,106753.56415557861,0,94192.92795562744,37
345.9533386230469,106993.20148468018,0,94192.92795562744,37
359.0133361816406,107476.42139434814,0,94192.92795562744,37
371.3333435058594,107932.26166534424,0,94192.92795562744,37
402.86334228515625,109098.87162017822,0,94192.92795562744,37
390.6666564941406,108647.59424591064,0,94192.92795562744,37
404.6199951171875,109163.86777496338,0,94192.92795562744,37
409.9700012207031,109361.81800079346,0,94192.92795562744,37
407.36334228515625,109265.37162017822,0,94192.92795562744,37
387.6466674804688,108535.85465240479,0,94192.92795562744,37
341.1666564941406,106816.09424591064,0,94192.92795562744,37
355.9833374023437,107364.31143951416,0,94192.92795562744,37
354.5033264160156,107309.55103302002,0,94192.92795562744,37
344.47332763671875,106938.44107818604,0,94192.92795562744,37
337.7966613769531,106691.4044265747,0,94192.92795562744,37
351.57666015625,107201.26438140869,0,94192.92795562744,37
363.0033264160156,107624.05103302002,0,94192.92795562744,37
365.4599914550781,107714.94763946533,0,94192.92795562744,37
379.0199890136719,108216.6675491333,0,94192.92795562744,37
385.6233215332031,108460.99085235596,0,94192.92795562744,37
369.6766662597656,107870.96460723877,0,94192.92795562744,37
372.0,107956.92795562744,0,94192.92795562744,37
360.6400146484375,107536.60849761963,0,94192.92795562744,37
378.9966735839844,108215.80487823486,0,94192.92795562744,37
381.586669921875,108311.63474273682,0,94192.92795562744,37
365.0,107697.92795562744,0,94192.92795562744,37
361.5333251953125,107569.660987854,0,94192.92795562744,37
338.3233337402344,106710.89130401611,0,94192.92795562744,37
336.336669921875,106637.38474273682,0,94192.92795562744,37
350.5833435058594,107164.51166534424,0,94192.92795562744,37
356.32000732421875,107376.76822662354,0,94192.92795562744,37
334.6000061035156,106573.12818145752,0,94192.92795562744,37
339.010009765625,106736.29831695557,0,94192.92795562744,37
322.1366577148437,106111.98429107666,0,94192.92795562744,37
319.5033264160156,106014.55103302002,0,94192.92795562744,37
325.3299865722656,106230.13745880127,0,94192.92795562744,37
308.97332763671875,105624.94107818604,0,94192.92795562744,37
310.8566589355469,105694.62433624268,0,94192.92795562744,37
299.9800109863281,105292.18836212158,0,94192.92795562744,37
312.84332275390625,105768.13089752197,0,94192.92795562744,37
336.2900085449219,106635.65827178955,0,94192.92795562744,37
355.6666564941406,107352.59424591064,0,94192.92795562744,37
364.6466674804688,107684.85465240479,0,94192.92795562744,37
362.8233337402344,107617.39130401611,0,94192.92795562744,37
362.0633239746094,107589.27094268799,0,94192.92795562744,37
356.7799987792969,107393.78791046143,0,94192.92795562744,37
352.260009765625,107226.54831695557,0,94192.92795562744,37
399.9266662597656,108990.21460723877,0,94192.92795562744,37
383.1966552734375,108371.20420074463,0,94192.92795562744,37
362.7066650390625,107613.07456207275,0,94192.92795562744,37
354.8999938964844,107324.22772979736,0,94192.92795562744,37
342.32000732421875,106846.18824005127,1,93838.02796173096,38
352.7066650390625,107240.88123321533,0,93838.02796173096,38
354.79998779296875,107320.42749786377,0,93838.02796173096,38
368.739990234375,107850.1475906372,0,93838.02796173096,38
343.85333251953125,106879.5679397583,1,93469.28797149658,39
349.8699951171875,107114.2177810669,0,93469.28797149658,39
343.5033264160156,106865.91770172119,0,93469.28797149658,39
331.8833312988281,106412.73789215088,0,93469.28797149658,39
332.0899963378906,106420.79782867432,0,93469.28797149658,39
314.6333312988281,105739.98789215088,0,93469.28797149658,39
310.0,105559.28797149658,0,93469.28797149658,39
306.1333312988281,105408.48789215088,0,93469.28797149658,39
312.4700012207031,105655.618019104,0,93469.28797149658,39
276.3666687011719,104247.58805084229,0,93469.28797149658,39
282.1166687011719,104471.83805084229,0,93469.28797149658,39
312.239990234375,105646.6475906372,0,93469.28797149658,39
310.4166564941406,105577.3609085083,2,93781.52796173096,38
301.8866577148437,105261.75095367432,2,94091.9446182251,37
297.0466613769531,105087.51108551025,2,94393.83127593994,36
307.7733459472656,105462.94504547119,2,94690.8779373169,35
302.4466552734375,105281.83756256104,2,94998.65128326416,34
307.3333435058594,105443.09827423096,2,95301.0979385376,33
310.6666564941406,105553.09760284424,0,95301.0979385376,33
301.51666259765625,105251.14780426025,0,95301.0979385376,33
286.6666564941406,104761.09760284424,0,95301.0979385376,33
291.9200134277344,104929.20502471924,2,95587.76459503174,32
307.4766540527344,105411.46088409424,2,95879.68460845947,31
307.7966613769531,105421.38111114502,0,95879.68460845947,31
292.1166687011719,104935.3013381958,0,95879.68460845947,31
285.6600036621094,104735.14472198486,0,95879.68460845947,31
273.84332275390625,104368.82761383057,0,95879.68460845947,31
254.67999267578125,103793.92771148682,2,96153.52793121338,30
266.92333984375,104161.22812652588,0,96153.52793121338,30
269.9566650390625,104249.19455718994,2,96420.45127105713,29
290.1433410644531,104814.42148590088,2,96690.40793609619,28
288.1233215332031,104759.88095855713,2,96980.55127716064,27
293.2966613769531,104899.56113433838,0,96980.55127716064,27
279.7633361816406,104534.16135406494,0,96980.55127716064,27
279.42999267578125,104525.16107940674,0,96980.55127716064,27
268.1933288574219,104221.77115631104,0,96980.55127716064,27
274.79998779296875,104400.1509475708,0,96980.55127716064,27
286.3233337402344,104711.28128814697,0,96980.55127716064,27
279.4333190917969,104525.25089263916,0,96980.55127716064,27
265.1166687011719,104138.70133209229,0,96980.55127716064,27
255.4566650390625,103877.88123321533,0,96980.55127716064,27
267.2966613769531,104185.72113800049,2,97236.0079421997,26
280.07666015625,104505.22110748291,2,97503.30460357666,25
290.5333251953125,104766.63773345947,0,97503.30460357666,25
301.7966613769531,105048.22113800049,0,97503.30460357666,25
307.0533447265625,105179.63822174072,0,97503.30460357666,25
331.32666015625,105786.47110748291,0,97503.30460357666,25
333.03668212890625,105829.22165679932,0,97503.30460357666,25
337.97332763671875,105952.63779449463,0,97503.30460357666,25
336.8800048828125,105925.30472564697,0,97503.30460357666,25
363.9466552734375,106601.9709854126,0,97503.30460357666,25
366.5233459472656,106666.3882522583,0,97503.30460357666,25
364.663330078125,106619.88785552979,0,97503.30460357666,25
359.20001220703125,106483.30490875244,0,97503.30460357666,25
361.5299987792969,106541.55457305908,0,97503.30460357666,25
381.8166809082031,107048.72162628174,0,97503.30460357666,25
363.7533264160156,106597.13776397705,0,97503.30460357666,25
348.586669921875,106202.8046951294,1,97139.55127716064,26
352.4200134277344,106306.3049697876,1,96790.96460723877,27
341.8299865722656,106009.78421783447,1,96438.54459381104,28
325.3099975585937,105547.22452545166,0,96438.54459381104,28
328.9833374023437,105650.07804107666,0,96438.54459381104,28
340.7900085449219,105980.66483306885,0,96438.54459381104,28
328.3333435058594,105631.8782119751,0,96438.54459381104,28
334.7633361816406,105811.91800689697,0,96438.54459381104,28
342.7166748046875,106034.61148834229,0,96438.54459381104,28
325.7333374023437,105559.07804107666,0,96438.54459381104,28
336.260009765625,105853.82486724854,0,96438.54459381104,28
335.01666259765625,105819.01114654541,0,96438.54459381104,28
332.67333984375,105753.39810943604,0,96438.54459381104,28
292.1400146484375,104618.46500396729,0,96438.54459381104,28
293.836669921875,104665.97135162354,0,96438.54459381104,28
292.5033264160156,104628.63773345947,0,96438.54459381104,28
290.2533264160156,104565.63773345947,0,96438.54459381104,28
300.9800109863281,104865.98490142822,0,96438.54459381104,28
303.0833435058594,104924.8782119751,0,96438.54459381104,28
317.5400085449219,105329.66483306885,0,96438.54459381104,28
291.09332275390625,104589.15763092041,0,96438.54459381104,28
288.54998779296875,104517.94425201416,0,96438.54459381104,28
262.3699951171875,103784.90445709229,0,96438.54459381104,28
266.67999267578125,103905.58438873291,0,96438.54459381104,28
244.6666717529297,103289.21140289307,0,96438.54459381104,28
242.6666717529297,103233.21140289307,0,96438.54459381104,28
256.5299987792969,103621.38455963135,0,96438.54459381104,28
241.4566650390625,103214.40454864502,2,96695.07459259033,27
253.8699951171875,103549.5644607544,0,96695.07459259033,27
236.60333251953125,103100.63123321533,2,96948.94458770752,26
236.47332763671875,103097.2511062622,0,96948.94458770752,26
221.3000030517578,102702.74466705322,0,96948.94458770752,26
224.96665954589844,102798.07773590088,0,96948.94458770752,26
209.3866729736328,102392.99808502197,0,96948.94458770752,26
219.6000061035156,102658.54474639893,0,96948.94458770752,26
235.91000366210935,103082.60468292236,0,96948.94458770752,26
253.2100067138672,103515.10475921631,2,97184.85459136963,25
252.7533264160156,103503.68775177002,0,97184.85459136963,25
246.7899932861328,103354.60442352295,0,97184.85459136963,25
258.3333435058594,103643.18817901611,0,97184.85459136963,25
234.51666259765625,103047.77115631104,0,97184.85459136963,25
238.27999877929688,103141.85456085205,0,97184.85459136963,25
238.8866729736328,103157.02141571045,0,97184.85459136963,25
241.86666870117188,103231.52130889893,0,97184.85459136963,25
239.7066650390625,103177.52121734619,0,97184.85459136963,25
232.22999572753903,102990.6044845581,0,97184.85459136963,25
215.73666381835935,102578.27118682861,0,97184.85459136963,25
220.88999938964844,102707.10457611084,0,97184.85459136963,25
233.0,103009.85459136963,0,97184.85459136963,25
213.1000061035156,102512.35474395752,0,97184.85459136963,25
216.75999450683597,102603.85445404053,0,97184.85459136963,25
237.0366668701172,103110.77126312256,0,97184.85459136963,25
236.086669921875,103087.0213394165,0,97184.85459136963,25
235.07000732421875,103061.6047744751,0,97184.85459136963,25
245.7066650390625,103327.52121734619,0,97184.85459136963,25
244.9199981689453,103307.85454559326,0,97184.85459136963,25
232.663330078125,103001.43784332275,0,97184.85459136963,25
228.4900054931641,102897.10472869873,0,97184.85459136963,25
224.47332763671875,102796.6877822876,0,97184.85459136963,25
227.26333618164065,102866.43799591064,0,97184.85459136963,25
233.0666656494141,103011.52123260498,0,97184.85459136963,25
231.73333740234372,102978.18802642822,0,97184.85459136963,25
244.5433349609375,103298.43796539307,0,97184.85459136963,25
250.76333618164065,103453.93799591064,0,97184.85459136963,25
234.3433380126953,103043.43804168701,0,97184.85459136963,25
233.07000732421875,103011.6047744751,0,97184.85459136963,25
237.0399932861328,103110.85442352295,0,97184.85459136963,25
238.31333923339844,103142.68807220459,0,97184.85459136963,25
240.0666656494141,103186.52123260498,0,97184.85459136963,25
240.54666137695312,103198.52112579346,0,97184.85459136963,25
245.52999877929688,103323.10456085205,0,97184.85459136963,25
247.5,103372.35459136963,0,97184.85459136963,25
271.7066650390625,103977.52121734619,0,97184.85459136963,25
272.24334716796875,103990.93827056885,0,97184.85459136963,25
268.4333190917969,103895.68756866455,0,97184.85459136963,25
258.8599853515625,103656.35422515869,0,97184.85459136963,25
274.82000732421875,104055.3547744751,0,97184.85459136963,25
280.8999938964844,104207.35443878174,0,97184.85459136963,25
297.1499938964844,104613.60443878174,0,97184.85459136963,25
297.27667236328125,104616.77140045166,0,97184.85459136963,25
300.586669921875,104699.5213394165,0,97184.85459136963,25
307.39666748046875,104869.77127838135,0,97184.85459136963,25
308.6333312988281,104900.68787384033,0,97184.85459136963,25
288.1700134277344,104389.10492706299,0,97184.85459136963,25
290.42333984375,104447.6914138794,1,96896.6845779419,26
283.3333435058594,104256.26151275635,1,96606.26123809814,27
294.3566589355469,104564.9143447876,1,96322.92789459229,28
286.6300048828125,104340.8413772583,1,96028.57123565674,29
300.0299987792969,104729.44120025635,0,96028.57123565674,29
309.32000732421875,104998.85144805908,0,96028.57123565674,29
306.5633239746094,104918.90763092041,0,96028.57123565674,29
303.9966735839844,104841.90811920166,1,95722.00791168213,30
302.8699951171875,104808.10776519775,0,95722.00791168213,30
296.6666564941406,104622.00760650635,0,95722.00791168213,30
289.913330078125,104419.40781402588,0,95722.00791168213,30
296.4533386230469,104615.60807037354,0,95722.00791168213,30
297.0966796875,104634.90830230713,0,95722.00791168213,30
296.07000732421875,104604.10813140869,0,95722.00791168213,30
288.0899963378906,104364.70780181885,0,95722.00791168213,30
284.82000732421875,104266.60813140869,0,95722.00791168213,30
277.70001220703125,104053.00827789307,0,95722.00791168213,30
275.6099853515625,103990.307472229,0,95722.00791168213,30
277.1600036621094,104036.80802154541,0,95722.00791168213,30
270.2099914550781,103828.30765533447,0,95722.00791168213,30
274.4200134277344,103954.60831451416,0,95722.00791168213,30
283.70001220703125,104233.00827789307,0,95722.00791168213,30
289.260009765625,104399.80820465088,0,95722.00791168213,30
299.67999267578125,104712.40769195557,0,95722.00791168213,30
304.4200134277344,104854.60831451416,0,95722.00791168213,30
292.1300048828125,104485.9080581665,0,95722.00791168213,30
302.6099853515625,104800.307472229,0,95722.00791168213,30
303.75,104834.50791168213,0,95722.00791168213,30
303.3500061035156,104822.5080947876,0,95722.00791168213,30
309.07000732421875,104999.8281326294,1,95418.65790557861,31
308.7300109863281,104988.9482498169,1,95109.5878982544,32
300.79998779296875,104727.25748443604,1,94800.85788726807,33
288.5899963378906,104312.11777496338,1,94500.0578994751,34
275.3299865722656,103861.27744293213,0,94500.0578994751,34
276.010009765625,103884.39823150635,0,94500.0578994751,34
282.94000244140625,104120.01798248291,0,94500.0578994751,34
287.8099975585937,104285.59781646729,0,94500.0578994751,34
268.2099914550781,103619.19760894775,0,94500.0578994751,34
265.25,103518.5578994751,0,94500.0578994751,34
242.3999938964844,102741.65769195557,0,94500.0578994751,34
249.44000244140625,102981.01798248291,0,94500.0578994751,34
240.80999755859372,102687.59781646729,0,94500.0578994751,34
238.1300048828125,102596.47806549072,0,94500.0578994751,34
223.07000732421875,102084.43814849854,0,94500.0578994751,34
222.9600067138672,102080.69812774658,0,94500.0578994751,34
216.5,101861.0578994751,0,94500.0578994751,34
217.2400054931641,101886.21808624268,0,94500.0578994751,34
221.72000122070312,102038.537940979,0,94500.0578994751,34
204.9900054931641,101469.71808624268,0,94500.0578994751,34
219.3500061035156,101957.95810699463,0,94500.0578994751,34
220.19000244140625,101986.51798248291,0,94500.0578994751,34
222.0399932861328,102049.41767120361,0,94500.0578994751,34
207.27999877929688,101562.33785247803,2,94722.09789276123,33
214.44000244140625,101798.61797332764,0,94722.09789276123,33
211.25,101696.53789520264,2,94936.53789520264,32
222.4199981689453,102053.97783660889,0,94936.53789520264,32
224.63999938964844,102125.01787567139,0,94936.53789520264,32
225.08999633789065,102139.41777801514,0,94936.53789520264,32
228.5200042724609,102249.17803192139,0,94936.53789520264,32
227.5399932861328,102217.81768035889,0,94936.53789520264,32
227.82000732421875,102226.77812957764,0,94936.53789520264,32
214.97999572753903,101815.89775848389,0,94936.53789520264,32
215.30999755859372,101826.45781707764,0,94936.53789520264,32
207.47000122070312,101575.57793426514,0,94936.53789520264,32
197.0800018310547,101243.09795379639,0,94936.53789520264,32
191.3000030517578,101058.13799285889,0,94936.53789520264,32
177.58999633789062,100619.41777801514,0,94936.53789520264,32
190.72000122070312,101039.57793426514,0,94936.53789520264,32
195.97000122070312,101207.57793426514,0,94936.53789520264,32
190.9499969482422,101051.95780181885,2,95132.50789642334,31
194.4199981689453,101159.52783966064,0,95132.50789642334,31
186.9199981689453,100934.52783966064,2,95326.92789459229,30
183.1699981689453,100822.02783966064,0,95326.92789459229,30
180.19000244140625,100732.62796783447,0,95326.92789459229,30
167.8699951171875,100363.02774810791,0,95326.92789459229,30
169.91000366210938,100424.22800445557,0,95326.92789459229,30
183.1999969482422,100822.92780303955,0,95326.92789459229,30
182.8600006103516,100813.06790924072,2,95510.12789154053,29
182.9199981689453,100814.80783843994,0,95510.12789154053,29
180.8300018310547,100754.19794464111,0,95510.12789154053,29
194.6999969482422,101156.42780303955,0,95510.12789154053,29
194.6999969482422,101156.42780303955,0,95510.12789154053,29
194.8600006103516,101161.06790924072,0,95510.12789154053,29
182.4499969482422,100801.17780303955,0,95510.12789154053,29
179.82000732421875,100724.90810394287,0,95510.12789154053,29
174.0399932861328,100557.28769683838,0,95510.12789154053,29
173.44000244140625,100539.88796234131,0,95510.12789154053,29
179.0500030517578,100702.5779800415,0,95510.12789154053,29
167.82000732421875,100376.90810394287,0,95510.12789154053,29
160.9499969482422,100177.67780303955,0,95510.12789154053,29
156.8000030517578,100057.3279800415,0,95510.12789154053,29
157.6699981689453,100082.55783843994,0,95510.12789154053,29
150.22999572753906,99866.79776763916,0,95510.12789154053,29
149.8699951171875,99856.35774993896,0,95510.12789154053,29
137.8000030517578,99506.3279800415,0,95510.12789154053,29
137.57000732421875,99499.65810394287,0,95510.12789154053,29
125.3499984741211,99145.27784729004,0,95510.12789154053,29
123.1500015258789,99081.47793579102,0,95510.12789154053,29
109.0999984741211,98674.02784729004,0,95510.12789154053,29
112.70999908447266,98778.71786499023,0,95510.12789154053,29
121.81999969482422,99042.90788269043,0,95510.12789154053,29
123.18000030517578,99082.34790039062,0,95510.12789154053,29
108.0999984741211,98645.02784729004,0,95510.12789154053,29
113.63999938964844,98805.68787384033,0,95510.12789154053,29
110.33999633789062,98709.98778533936,0,95510.12789154053,29
113.05999755859376,98788.86782073975,0,95510.12789154053,29
119.7699966430664,98983.45779418945,0,95510.12789154053,29
118.8499984741211,98956.77784729004,0,95510.12789154053,29
123.22000122070312,99083.50792694092,0,95510.12789154053,29
123.55999755859376,99093.36782073975,0,95510.12789154053,29
122.4000015258789,99059.72793579102,0,95510.12789154053,29
131.49000549316406,99323.33805084229,0,95510.12789154053,29
128.77999877929688,99244.74785614014,0,95510.12789154053,29
127.16999816894533,99198.05783843994,0,95510.12789154053,29
133.4199981689453,99379.30783843994,0,95510.12789154053,29
143.75,99678.87789154053,0,95510.12789154053,29
143.88999938964844,99682.93787384033,0,95510.12789154053,29
144.42999267578125,99698.59767913818,0,95510.12789154053,29
160.27000427246094,100157.9580154419,0,95510.12789154053,29
177.89999389648438,100669.22771453857,0,95510.12789154053,29
166.66000366210938,100343.2679977417,0,95510.12789154053,29
173.22000122070312,100533.50792694092,0,95510.12789154053,29
181.41000366210935,100771.0179977417,0,95510.12789154053,29
188.2700042724609,100969.9580154419,0,95510.12789154053,29
189.97999572753903,101019.54776763916,0,95510.12789154053,29
194.75999450683597,101158.16773223877,0,95510.12789154053,29
196.80999755859372,101217.61782073975,0,95510.12789154053,29
201.2899932861328,101347.53769683838,0,95510.12789154053,29
207.32000732421875,101522.40810394287,0,95510.12789154053,29
196.88999938964844,101219.93787384033,0,95510.12789154053,29
194.63999938964844,101154.68787384033,0,95510.12789154053,29
209.25,101578.37789154053,0,95510.12789154053,29
214.2400054931641,101723.08805084229,0,95510.12789154053,29
202.0399932861328,101369.28769683838,0,95510.12789154053,29
208.30999755859372,101557.3878250122,1,95308.0878982544,30
197.3699951171875,101229.18775177002,0,95308.0878982544,30
200.8600006103516,101333.88791656494,0,95308.0878982544,30
202.07000732421875,101370.18811798096,0,95308.0878982544,30
196.8800048828125,101214.48804473877,0,95308.0878982544,30
207.6300048828125,101536.98804473877,0,95308.0878982544,30
205.7100067138672,101479.38809967041,0,95308.0878982544,30
202.7700042724609,101391.18802642822,0,95308.0878982544,30
190.8999938964844,101035.08771514893,0,95308.0878982544,30
197.7899932861328,101241.78769683838,0,95308.0878982544,30
193.80999755859372,101122.3878250122,0,95308.0878982544,30
187.7100067138672,100939.38809967041,0,95308.0878982544,30
182.0,100768.0878982544,0,95308.0878982544,30
172.9199981689453,100495.68784332275,0,95308.0878982544,30
173.44000244140625,100511.28797149658,0,95308.0878982544,30
174.47999572753906,100542.48777008057,0,95308.0878982544,30
183.25999450683597,100805.88773345947,0,95308.0878982544,30
180.4499969482422,100721.58780670166,0,95308.0878982544,30
184.1300048828125,100831.98804473877,0,95308.0878982544,30
180.1300048828125,100711.98804473877,0,95308.0878982544,30
183.25,100805.5878982544,0,95308.0878982544,30
197.5800018310547,101235.48795318604,0,95308.0878982544,30
191.1499938964844,101042.58771514893,0,95308.0878982544,30
192.22000122070312,101074.68793487549,0,95308.0878982544,30
190.41000366210935,101020.38800811768,0,95308.0878982544,30
191.80999755859372,101062.3878250122,0,95308.0878982544,30
189.19000244140625,100983.78797149658,0,95308.0878982544,30
193.8800048828125,101124.48804473877,0,95308.0878982544,30
195.27999877929688,101166.4878616333,0,95308.0878982544,30
207.4600067138672,101531.88809967041,0,95308.0878982544,30
194.7700042724609,101151.18802642822,0,95308.0878982544,30
192.5800018310547,101083.29795074463,1,95113.31789398193,31
185.5200042724609,100857.37802886963,1,94920.73789215088,32
185.05999755859372,100842.65781402588,0,94920.73789215088,32
184.50999450683597,100825.05771636963,0,94920.73789215088,32
186.7899932861328,100898.01767730713,0,94920.73789215088,32
180.5399932861328,100698.01767730713,0,94920.73789215088,32
185.8999938964844,100869.53769683838,0,94920.73789215088,32
185.0,100840.73789215088,0,94920.73789215088,32
187.0399932861328,100906.01767730713,0,94920.73789215088,32
184.30999755859372,100818.65781402588,0,94920.73789215088,32
180.58999633789065,100699.61777496338,0,94920.73789215088,32
162.99000549316406,100136.41806793213,0,94920.73789215088,32
165.0800018310547,100203.29795074463,0,94920.73789215088,32
162.5500030517578,100122.33798980713,0,94920.73789215088,32
160.6699981689453,100062.17783355713,0,94920.73789215088,32
153.75,99840.73789215088,0,94920.73789215088,32
160.19000244140625,100046.81797027588,0,94920.73789215088,32
164.30999755859375,100174.53781890869,2,95080.92789459229,31
161.8300018310547,100100.13794708252,2,95245.23789215088,30
160.30999755859375,100056.05782318115,2,95407.06789398193,29
160.61000061035156,100064.45790863037,2,95567.37789154053,28
161.1999969482422,100080.38780975342,2,95727.98789215088,27
170.05999755859375,100310.74782562256,2,95889.18788909912,26
171.7899932861328,100355.72771453857,0,95889.18788909912,26
169.14999389648438,100287.08773040771,0,95889.18788909912,26
168.5399932861328,100271.22771453857,0,95889.18788909912,26
172.0800018310547,100363.26793670654,0,95889.18788909912,26
167.97999572753906,100256.66777801514,0,95889.18788909912,26
166.35000610351562,100214.28804779053,0,95889.18788909912,26
166.52000427246094,100218.7080001831,0,95889.18788909912,26
173.86000061035156,100409.54790496826,0,95889.18788909912,26
176.88999938964844,100488.32787322998,0,95889.18788909912,26
180.13999938964844,100572.82787322998,0,95889.18788909912,26
188.8699951171875,100799.807762146,0,95889.18788909912,26
185.7700042724609,100719.2080001831,0,95889.18788909912,26
182.8999938964844,100644.58773040771,0,95889.18788909912,26
184.47000122070312,100685.4079208374,0,95889.18788909912,26
193.1699981689453,100911.6078414917,0,95889.18788909912,26
201.16000366210935,101119.34798431396,0,95889.18788909912,26
203.92999267578125,101191.36769866943,0,95889.18788909912,26
207.5200042724609,101284.7080001831,0,95889.18788909912,26
213.97000122070312,101452.4079208374,0,95889.18788909912,26
217.6100006103516,101547.04790496826,0,95889.18788909912,26
221.30999755859372,101643.24782562256,0,95889.18788909912,26
224.57000732421875,101728.00807952881,0,95889.18788909912,26
234.8600006103516,101995.54790496826,0,95889.18788909912,26
244.3999938964844,102243.58773040771,0,95889.18788909912,26
249.8300018310547,102384.76793670654,0,95889.18788909912,26
258.7099914550781,102615.64766693115,0,95889.18788909912,26
256.7900085449219,102565.72811126709,0,95889.18788909912,26
255.8999938964844,102542.58773040771,0,95889.18788909912,26
260.5400085449219,102663.22811126709,0,95889.18788909912,26
274.45001220703125,103024.88820648193,0,95889.18788909912,26
259.4599914550781,102635.14766693115,0,95889.18788909912,26
264.6099853515625,102769.04750823975,0,95889.18788909912,26
256.6000061035156,102560.78804779053,0,95889.18788909912,26
241.0500030517578,102156.48796844482,0,95889.18788909912,26
250.2100067138672,102394.64806365967,0,95889.18788909912,26
256.239990234375,102551.42763519287,0,95889.18788909912,26
257.5,102584.18788909912,0,95889.18788909912,26
261.7699890136719,102695.20760345459,0,95889.18788909912,26
279.82000732421875,103164.50807952881,0,95889.18788909912,26
282.4800109863281,103233.66817474365,0,95889.18788909912,26
276.5400085449219,103079.22811126709,0,95889.18788909912,26
274.42999267578125,103024.36769866943,0,95889.18788909912,26
269.6099853515625,102899.04750823975,0,95889.18788909912,26
269.7900085449219,102903.72811126709,0,95889.18788909912,26
271.989990234375,102960.92763519287,0,95889.18788909912,26
277.8999938964844,103114.58773040771,0,95889.18788909912,26
281.3800048828125,103205.06801605225,0,95889.18788909912,26
290.3800048828125,103439.06801605225,0,95889.18788909912,26
293.3399963378906,103516.02779388428,0,95889.18788909912,26
291.260009765625,103461.94814300537,0,95889.18788909912,26
262.8999938964844,102724.58773040771,0,95889.18788909912,26
260.0199890136719,102649.70760345459,0,95889.18788909912,26
269.0599975585937,102884.74782562256,0,95889.18788909912,26
265.2799987792969,102786.46785736084,0,95889.18788909912,26
264.3500061035156,102762.28804779053,0,95889.18788909912,26
255.7100067138672,102537.64806365967,0,95889.18788909912,26
266.44000244140625,102816.62795257568,0,95889.18788909912,26
267.42999267578125,102842.36769866943,0,95889.18788909912,26
261.07000732421875,102677.00807952881,0,95889.18788909912,26
254.1100006103516,102496.04790496826,0,95889.18788909912,26
259.32000732421875,102631.50807952881,0,95889.18788909912,26
253.8600006103516,102489.54790496826,0,95889.18788909912,26
251.4499969482422,102426.88780975342,0,95889.18788909912,26
249.6999969482422,102381.38780975342,0,95889.18788909912,26
242.19000244140625,102186.12795257568,0,95889.18788909912,26
245.33999633789065,102268.02779388428,0,95889.18788909912,26
242.6499938964844,102198.08773040771,0,95889.18788909912,26
239.75999450683597,102122.94774627686,0,95889.18788909912,26
232.9600067138672,101946.14806365967,0,95889.18788909912,26
225.6000061035156,101754.78804779053,0,95889.18788909912,26
219.22000122070312,101588.9079208374,0,95889.18788909912,26
215.4900054931641,101491.92803192139,0,95889.18788909912,26
231.27999877929688,101902.46785736084,0,95889.18788909912,26
233.19000244140625,101950.21794891357,2,96120.46788787842,25
236.8600006103516,102038.29790496826,2,96353.65789031982,24
230.0399932861328,101881.43773651123,2,96590.51789093018,23
238.58999633789065,102069.5378036499,2,96820.55788421631,22
238.82000732421875,102074.59804534912,0,96820.55788421631,22
257.17999267578125,102478.5177230835,0,96820.55788421631,22
256.8999938964844,102472.35774993896,0,96820.55788421631,22
258.0799865722656,102498.31758880615,0,96820.55788421631,22
245.00999450683597,102210.7777633667,0,96820.55788421631,22
256.489990234375,102463.33766937256,0,96820.55788421631,22
251.9199981689453,102362.7978439331,0,96820.55788421631,22
251.4900054931641,102353.33800506592,0,96820.55788421631,22
248.5,102287.55788421631,0,96820.55788421631,22
273.5799865722656,102839.31758880615,0,96820.55788421631,22
267.4800109863281,102705.11812591553,0,96820.55788421631,22
271.29998779296875,102789.15761566162,0,96820.55788421631,22
276.0400085449219,102893.43807220459,0,96820.55788421631,22
274.3900146484375,102857.13820648193,0,96820.55788421631,22
265.2799987792969,102647.6078414917,1,96546.16786956787,23
266.5,102676.88787078857,1,96280.88787078857,24
262.5899963378906,102579.13777923584,1,96014.38787078857,25
255.6999969482422,102399.99779510498,1,95751.79787445068,26
244.8800048828125,102118.67800140381,0,95751.79787445068,26
246.9900054931641,102173.53801727295,0,95751.79787445068,26
244.1199951171875,102098.91774749756,0,95751.79787445068,26
240.5,102004.79787445068,0,95751.79787445068,26
246.3800048828125,102157.67800140381,0,95751.79787445068,26
250.22000122070312,102257.51790618896,0,95751.79787445068,26
251.6000061035156,102293.39803314209,0,95751.79787445068,26
246.52999877929688,102161.5778427124,0,95751.79787445068,26
261.1600036621094,102541.95796966553,0,95751.79787445068,26
260.04998779296875,102513.09755706787,0,95751.79787445068,26
260.5299987792969,102525.5778427124,0,95751.79787445068,26
259.6700134277344,102503.21822357178,0,95751.79787445068,26
263.6199951171875,102605.91774749756,0,95751.79787445068,26
262.989990234375,102589.53762054443,0,95751.79787445068,26
258.8699951171875,102482.41774749756,0,95751.79787445068,26
251.1199951171875,102280.91774749756,0,95751.79787445068,26
253.9199981689453,102353.71782684326,0,95751.79787445068,26
254.8500061035156,102377.89803314209,0,95751.79787445068,26
242.67999267578125,102061.477684021,0,95751.79787445068,26
220.1100006103516,101474.65789031982,0,95751.79787445068,26
211.9900054931641,101263.53801727295,0,95751.79787445068,26
212.0800018310547,101265.8779220581,0,95751.79787445068,26
216.5200042724609,101381.31798553467,0,95751.79787445068,26
212.4199981689453,101274.71782684326,0,95751.79787445068,26
205.75999450683597,101101.55773162842,0,95751.79787445068,26
207.3000030517578,101141.59795379639,0,95751.79787445068,26
197.3600006103516,100883.15789031982,0,95751.79787445068,26
200.83999633789065,100973.63777923584,0,95751.79787445068,26
205.66000366210935,101098.95796966553,0,95751.79787445068,26
218.50999450683597,101433.05773162842,0,95751.79787445068,26
219.9600067138672,101469.3080368042,2,95970.30786895752,25
219.2700042724609,101452.74797821045,2,96190.26787567139,24
222.17999267578125,101522.58769989014,0,96190.26787567139,24
222.1100006103516,101520.90789031982,0,96190.26787567139,24
209.97999572753903,101229.78777313232,0,96190.26787567139,24
214.6499938964844,101341.86772918701,0,96190.26787567139,24
223.7100067138672,101559.3080368042,0,96190.26787567139,24
237.41000366210935,101888.10796356201,0,96190.26787567139,24
242.83999633789065,102018.42778778076,0,96190.26787567139,24
233.58999633789065,101796.42778778076,0,96190.26787567139,24
234.3000030517578,101813.46794891357,0,96190.26787567139,24
235.6000061035156,101844.66802215576,0,96190.26787567139,24
241.1999969482422,101979.0678024292,0,96190.26787567139,24
234.2100067138672,101811.3080368042,0,96190.26787567139,24
235.4499969482422,101841.0678024292,0,96190.26787567139,24
236.0800018310547,101856.1879196167,0,96190.26787567139,24
246.72000122070312,102111.54790496826,0,96190.26787567139,24
244.13999938964844,102049.62786102295,0,96190.26787567139,24
240.0800018310547,101952.1879196167,0,96190.26787567139,24
238.8300018310547,101922.1879196167,0,96190.26787567139,24
235.5800018310547,101844.1879196167,0,96190.26787567139,24
238.72000122070312,101919.54790496826,0,96190.26787567139,24
239.3699951171875,101935.14775848389,0,96190.26787567139,24
242.63999938964844,102013.62786102295,0,96190.26787567139,24
243.83999633789065,102042.42778778076,0,96190.26787567139,24
239.7400054931641,101939.9280166626,1,95946.4278793335,25
237.00999450683597,101871.6777420044,0,95946.4278793335,25
239.2899932861328,101928.67771148682,0,95946.4278793335,25
251.0500030517578,102222.67795562744,0,95946.4278793335,25
253.5,102283.9278793335,0,95946.4278793335,25
252.0800018310547,102248.42792510986,0,95946.4278793335,25
257.2200012207031,102382.06790924072,1,95694.34787750244,26
247.13999938964844,102119.9878616333,0,95694.34787750244,26
254.5,102318.7078781128,1,95447.2078781128,27
252.5399932861328,102263.82769012451,1,95192.7078781128,28
256.6099853515625,102381.85746002197,1,94940.16788482666,29
261.44000244140625,102526.75797271729,1,94683.5578994751,30
253.17999267578125,102270.69766998291,1,94422.11789703369,31
248.47999572753903,102120.29776763916,1,94168.93790435791,32
248.4199981689453,102118.37784576416,0,94168.93790435791,32
238.4499969482422,101799.33780670166,0,94168.93790435791,32
237.92999267578125,101782.69766998291,0,94168.93790435791,32
237.4900054931641,101768.61808013916,0,94168.93790435791,32
240.4499969482422,101863.33780670166,0,94168.93790435791,32
234.9600067138672,101687.65811920166,0,94168.93790435791,32
233.94000244140625,101655.01798248291,0,94168.93790435791,32
227.22000122070312,101439.97794342041,0,94168.93790435791,32
218.88999938964844,101173.41788482666,0,94168.93790435791,32
219.91000366210935,101206.05802154541,0,94168.93790435791,32
215.5500030517578,101066.53800201416,0,94168.93790435791,32
211.8800048828125,100949.09806060791,0,94168.93790435791,32
212.19000244140625,100959.01798248291,0,94168.93790435791,32
208.8000030517578,100850.53800201416,0,94168.93790435791,32
209.13999938964844,100861.41788482666,0,94168.93790435791,32
207.8300018310547,100819.49796295166,0,94168.93790435791,32
182.6300048828125,100013.09806060791,0,94168.93790435791,32
183.25,100032.93790435791,0,94168.93790435791,32
190.92999267578125,100278.69766998291,0,94168.93790435791,32
191.58999633789065,100299.81778717041,0,94168.93790435791,32
187.2899932861328,100162.21768951416,0,94168.93790435791,32
188.8600006103516,100212.45792388916,0,94168.93790435791,32
187.91000366210935,100182.05802154541,0,94168.93790435791,32
181.05999755859372,99962.85782623291,0,94168.93790435791,32
185.1000061035156,100092.13809967041,0,94168.93790435791,32
187.5800018310547,100171.49796295166,0,94168.93790435791,32
189.55999755859372,100234.85782623291,0,94168.93790435791,32
193.57000732421875,100363.17813873291,0,94168.93790435791,32
188.1300048828125,100189.09806060791,0,94168.93790435791,32
184.0200042724609,100057.57804107666,0,94168.93790435791,32
188.7100067138672,100207.65811920166,0,94168.93790435791,32
200.4499969482422,100583.33780670166,0,94168.93790435791,32
199.9499969482422,100567.33780670166,0,94168.93790435791,32
193.75999450683597,100369.25772857666,0,94168.93790435791,32
194.7700042724609,100401.57804107666,0,94168.93790435791,32
197.41000366210935,100486.05802154541,0,94168.93790435791,32
191.97000122070312,100311.97794342041,0,94168.93790435791,32
199.3999938964844,100549.73770904541,0,94168.93790435791,32
199.72999572753903,100560.29776763916,0,94168.93790435791,32
202.0399932861328,100634.21768951416,0,94168.93790435791,32
201.8800048828125,100629.09806060791,0,94168.93790435791,32
202.63999938964844,100653.41788482666,0,94168.93790435791,32
188.13999938964844,100189.41788482666,0,94168.93790435791,32
180.7400054931641,99952.61808013916,0,94168.93790435791,32
176.5399932861328,99818.21768951416,0,94168.93790435791,32
178.64999389648438,99885.73770904541,0,94168.93790435791,32
175.33999633789062,99783.127784729,2,94347.5878982544,31
177.77000427246094,99858.45803070068,0,94347.5878982544,31
177.5399932861328,99851.55770111084,2,94525.35790252686,30
169.47999572753906,99617.81777191162,2,94702.89789581299,29
162.5,99415.39789581299,0,94702.89789581299,29
163.57000732421875,99446.42810821533,0,94702.89789581299,29
173.8000030517578,99743.09798431396,0,94702.89789581299,29
171.32000732421875,99673.65810394287,2,94876.69789886475,28
175.66000366210938,99790.83800506592,2,95048.01790618896,27
172.82000732421875,99716.99810028076,2,95223.67790985107,26
170.8300018310547,99665.2579574585,0,95223.67790985107,26
172.6300048828125,99712.0580368042,0,95223.67790985107,26
177.6699981689453,99843.09786224365,0,95223.67790985107,26
179.8300018310547,99899.2579574585,0,95223.67790985107,26
175.7899932861328,99794.21773529053,0,95223.67790985107,26
175.22000122070312,99779.39794158936,0,95223.67790985107,26
166.6300048828125,99556.0580368042,0,95223.67790985107,26
168.3800048828125,99601.5580368042,0,95223.67790985107,26
171.11000061035156,99672.53792572021,0,95223.67790985107,26
164.89999389648438,99511.07775115967,0,95223.67790985107,26
172.97999572753906,99721.15779876709,0,95223.67790985107,26
176.8800048828125,99822.5580368042,0,95223.67790985107,26
171.75999450683594,99689.43776702881,0,95223.67790985107,26
174.60000610351562,99763.27806854248,0,95223.67790985107,26
171.0500030517578,99670.97798919678,0,95223.67790985107,26
161.47999572753906,99422.15779876709,0,95223.67790985107,26
157.11000061035156,99308.53792572021,0,95223.67790985107,26
155.4499969482422,99267.03783416748,2,95380.78791046143,25
149.92999267578125,99129.03772735596,0,95380.78791046143,25
147.0500030517578,99057.03798675537,0,95380.78791046143,25
142.0500030517578,98932.03798675537,0,95380.78791046143,25
144.67999267578125,98997.78772735596,0,95380.78791046143,25
162.1300048828125,99434.03803253174,0,95380.78791046143,25
170.17999267578125,99627.23773956299,2,95542.91791534424,24
168.2899932861328,99581.87775421143,0,95542.91791534424,24
194.0500030517578,100200.11798858643,0,95542.91791534424,24
183.27999877929688,99941.63788604736,0,95542.91791534424,24
179.99000549316406,99862.67804718018,0,95542.91791534424,24
180.00999450683594,99863.1577835083,0,95542.91791534424,24
181.19000244140625,99891.47797393799,0,95542.91791534424,24
184.75999450683597,99977.1577835083,0,95542.91791534424,24
177.80999755859375,99810.35785675049,0,95542.91791534424,24
174.72000122070312,99736.19794464111,0,95542.91791534424,24
171.97000122070312,99670.19794464111,0,95542.91791534424,24
168.47000122070312,99586.19794464111,0,95542.91791534424,24
171.88999938964844,99668.2779006958,0,95542.91791534424,24
177.5500030517578,99804.11798858643,0,95542.91791534424,24
173.99000549316406,99718.67804718018,0,95542.91791534424,24
174.83999633789062,99739.07782745361,0,95542.91791534424,24
177.4600067138672,99801.95807647705,0,95542.91791534424,24
174.9499969482422,99741.71784210205,0,95542.91791534424,24
186.6000061035156,100021.31806182861,0,95542.91791534424,24
180.11000061035156,99865.55792999268,0,95542.91791534424,24
173.74000549316406,99712.67804718018,0,95542.91791534424,24
179.24000549316406,99844.67804718018,0,95542.91791534424,24
176.75,99784.91791534424,0,95542.91791534424,24
176.19000244140625,99771.47797393799,0,95542.91791534424,24
178.7899932861328,99833.87775421143,0,95542.91791534424,24
178.0800018310547,99816.83795928955,0,95542.91791534424,24
176.2899932861328,99773.87775421143,0,95542.91791534424,24
174.77000427246094,99737.3980178833,0,95542.91791534424,24
175.0,99742.91791534424,0,95542.91791534424,24
177.94000244140625,99813.47797393799,0,95542.91791534424,24
177.47999572753906,99802.43781280518,0,95542.91791534424,24
173.7899932861328,99713.87775421143,0,95542.91791534424,24
170.66000366210938,99638.75800323486,0,95542.91791534424,24
177.2899932861328,99797.87775421143,0,95542.91791534424,24
182.47000122070312,99922.19794464111,0,95542.91791534424,24
178.00999450683594,99815.1577835083,0,95542.91791534424,24
187.44000244140625,100041.47797393799,0,95542.91791534424,24
184.8600006103516,99979.55792999268,0,95542.91791534424,24
181.57000732421875,99900.59809112549,0,95542.91791534424,24
183.00999450683597,99935.1577835083,0,95542.91791534424,24
182.5800018310547,99924.83795928955,0,95542.91791534424,24
187.3500061035156,100039.31806182861,0,95542.91791534424,24
196.3699951171875,100255.79779815674,0,95542.91791534424,24
197.4199981689453,100280.99787139893,0,95542.91791534424,24
197.8800048828125,100292.03803253174,0,95542.91791534424,24
209.8600006103516,100579.55792999268,0,95542.91791534424,24
231.25999450683597,101093.1577835083,0,95542.91791534424,24
246.38999938964844,101456.2779006958,0,95542.91791534424,24
251.5200042724609,101579.3980178833,0,95542.91791534424,24
252.94000244140625,101613.47797393799,0,95542.91791534424,24
262.3299865722656,101838.83759307861,0,95542.91791534424,24
263.260009765625,101861.15814971924,0,95542.91791534424,24
241.02999877929688,101327.63788604736,0,95542.91791534424,24
248.22999572753903,101500.43781280518,0,95542.91791534424,24
252.63999938964844,101606.2779006958,0,95542.91791534424,24
256.5599975585937,101700.35785675049,0,95542.91791534424,24
248.5,101506.91791534424,0,95542.91791534424,24
249.22999572753903,101524.43781280518,0,95542.91791534424,24
239.1999969482422,101283.71784210205,0,95542.91791534424,24
251.50999450683597,101579.1577835083,0,95542.91791534424,24
246.3800048828125,101456.03803253174,0,95542.91791534424,24
215.9900054931641,100726.67804718018,0,95542.91791534424,24
220.25,100828.91791534424,0,95542.91791534424,24
219.8000030517578,100818.11798858643,0,95542.91791534424,24
232.1000061035156,101113.31806182861,0,95542.91791534424,24
222.6199951171875,100885.79779815674,0,95542.91791534424,24
232.07000732421875,101112.59809112549,0,95542.91791534424,24
216.8600006103516,100747.55792999268,0,95542.91791534424,24
207.6699981689453,100526.99787139893,0,95542.91791534424,24
198.8800048828125,100316.03803253174,0,95542.91791534424,24
200.63999938964844,100358.2779006958,0,95542.91791534424,24
191.75999450683597,100145.1577835083,0,95542.91791534424,24
198.83999633789065,100315.07782745361,0,95542.91791534424,24
200.0,100342.91791534424,0,95542.91791534424,24
197.4900054931641,100282.67804718018,0,95542.91791534424,24
207.8300018310547,100530.83795928955,0,95542.91791534424,24
201.3800048828125,100376.03803253174,0,95542.91791534424,24
214.13999938964844,100682.2779006958,0,95542.91791534424,24
216.1199951171875,100729.79779815674,0,95542.91791534424,24
222.72000122070312,100888.19794464111,0,95542.91791534424,24
221.1000061035156,100849.31806182861,0,95542.91791534424,24
223.2700042724609,100901.3980178833,0,95542.91791534424,24
210.66000366210935,100598.75800323486,0,95542.91791534424,24
220.32000732421875,100830.59809112549,0,95542.91791534424,24
213.2100067138672,100659.95807647705,0,95542.91791534424,24
209.2100067138672,100563.95807647705,0,95542.91791534424,24
205.75,100480.91791534424,0,95542.91791534424,24
206.27999877929688,100493.63788604736,0,95542.91791534424,24
214.1100006103516,100681.55792999268,0,95542.91791534424,24
210.6000061035156,100597.31806182861,0,95542.91791534424,24
219.41000366210935,100808.75800323486,0,95542.91791534424,24
230.1699981689453,101066.99787139893,0,95542.91791534424,24
210.72999572753903,100600.43781280518,0,95542.91791534424,24
216.2700042724609,100733.3980178833,0,95542.91791534424,24
226.1699981689453,100970.99787139893,0,95542.91791534424,24
228.1300048828125,101018.03803253174,0,95542.91791534424,24
229.80999755859372,101058.35785675049,0,95542.91791534424,24
230.2899932861328,101069.87775421143,0,95542.91791534424,24
226.77999877929688,100985.63788604736,0,95542.91791534424,24
227.8699951171875,101012.88779449463,1,95316.13791656494,25
227.1999969482422,100995.46784210205,1,95088.26792144775,26
243.9199981689453,101446.90787506104,1,94861.06792449951,27
238.25,101293.81792449951,0,94861.06792449951,27
250.0,101622.81792449951,1,94622.81792449951,28
254.2700042724609,101742.37804412842,0,94622.81792449951,28
257.0199890136719,101819.37761688232,0,94622.81792449951,28
254.22000122070312,101740.9779586792,0,94622.81792449951,28
260.4599914550781,101915.6976852417,0,94622.81792449951,28
261.6300048828125,101948.45806121826,0,94622.81792449951,28
258.0199890136719,101847.37761688232,0,94622.81792449951,28
249.0200042724609,101595.37804412842,0,94622.81792449951,28
240.66000366210935,101352.93802642822,1,94373.79792022705,29
250.0800018310547,101626.11797332764,0,94373.79792022705,29
240.8300018310547,101357.86797332764,0,94373.79792022705,29
244.5,101464.29792022705,0,94373.79792022705,29
241.0500030517578,101364.24800872803,0,94373.79792022705,29
238.7700042724609,101298.12804412842,0,94373.79792022705,29
217.8000030517578,100689.99800872803,0,94373.79792022705,29
219.16000366210935,100729.43802642822,0,94373.79792022705,29
219.57000732421875,100741.3281326294,0,94373.79792022705,29
221.3300018310547,100792.36797332764,0,94373.79792022705,29
220.88999938964844,100779.60790252686,0,94373.79792022705,29
220.6999969482422,100774.09783172607,0,94373.79792022705,29
218.8500061035156,100720.448097229,0,94373.79792022705,29
217.97000122070312,100694.92795562744,0,94373.79792022705,29
213.6499938964844,100569.6477432251,0,94373.79792022705,29
260.4800109863281,101927.71823883057,0,94373.79792022705,29
269.19000244140625,102180.30799102783,0,94373.79792022705,29
262.510009765625,101986.58820343018,0,94373.79792022705,29
259.5199890136719,101899.87760162354,0,94373.79792022705,29
257.54998779296875,101842.74756622314,0,94373.79792022705,29
249.8500061035156,101619.448097229,0,94373.79792022705,29
248.97999572753903,101594.21779632568,0,94373.79792022705,29
242.83999633789065,101410.01781463623,1,94124.81792449951,30
251.44000244140625,101676.61800384521,1,93881.97792816162,31
288.5299987792969,102863.49788665771,1,93630.53792572021,32
296.9100036621094,103131.65804290771,0,93630.53792572021,32
321.2200012207031,103909.57796478271,0,93630.53792572021,32
350.0,104830.53792572021,0,93630.53792572021,32
328.489990234375,104142.21761322021,0,93630.53792572021,32
330.239990234375,104198.21761322021,0,93630.53792572021,32
311.17999267578125,103588.29769134521,0,93630.53792572021,32
320.7200012207031,103903.11797332764,1,93319.35793304443,33
338.739990234375,104497.77761077881,0,93319.35793304443,33
346.0,104737.35793304443,0,93319.35793304443,33
342.0299987792969,104606.34789276123,0,93319.35793304443,33
339.6400146484375,104527.47841644287,0,93319.35793304443,33
352.5599975585937,104953.83785247803,0,93319.35793304443,33
338.5899963378906,104492.82781219482,0,93319.35793304443,33
338.2300109863281,104480.5883102417,1,92980.76793670654,34
332.8900146484375,104299.02843475342,0,92980.76793670654,34
345.1600036621094,104716.20806121826,0,92980.76793670654,34
357.0899963378906,105121.82781219482,0,92980.76793670654,34
351.4200134277344,104929.04839324951,0,92980.76793670654,34
357.92999267578125,105150.3876876831,0,92980.76793670654,34
369.489990234375,105543.4276046753,0,92980.76793670654,34
389.2200012207031,106214.24797821045,0,92980.76793670654,34
389.7900085449219,106233.62822723389,0,92980.76793670654,34
400.989990234375,106614.4276046753,0,92980.76793670654,34
424.7699890136719,107422.94756317139,0,92980.76793670654,34
418.1000061035156,107196.16814422607,0,92980.76793670654,34
436.2300109863281,107812.5883102417,0,92980.76793670654,34
463.0199890136719,108723.44756317139,0,92980.76793670654,34
479.8599853515625,109296.00743865967,0,92980.76793670654,34
440.1300048828125,107945.18810272217,0,92980.76793670654,34
436.1700134277344,107810.54839324951,0,92980.76793670654,34
421.05999755859375,107296.80785369873,0,92980.76793670654,34
430.6000061035156,107621.16814422607,0,92980.76793670654,34
462.2799987792969,108698.28789520264,0,92980.76793670654,34
454.1300048828125,108421.18810272217,0,92980.76793670654,34
431.6600036621094,107657.20806121826,0,92980.76793670654,34
417.4100036621094,107172.70806121826,0,92980.76793670654,34
